date;time;tempmeas;refcool;refheat;ctrlenabled;forcefan;
25/08/2013;19:46:16;76;76;63;3;0;
25/08/2013;19:46:21;76;76;63;3;0;
25/08/2013;19:59:55;76;76;63;2;0;
25/08/2013;20:00:06;76;76;63;2;0;
25/08/2013;20:01:20;76;76;63;2;0;
25/08/2013;20:01:28;76;75;63;3;0;
25/08/2013;20:01:34;76;74;63;3;0;
25/08/2013;20:46:55;74;74;63;2;0;
25/08/2013;20:47:02;74;74;63;5;0;
25/08/2013;20:48:00;74;74;63;5;0;
25/08/2013;20:49:00;74;74;63;5;0;
25/08/2013;21:00:04;74;74;63;5;0;
25/08/2013;21:01:04;74;74;63;5;0;
25/08/2013;21:12:27;75;74;63;5;0;
25/08/2013;21:13:31;75;74;63;5;0;
25/08/2013;21:14:43;75;74;63;5;0;
25/08/2013;21:17:55;75;74;63;5;0;
25/08/2013;21:19:51;75;74;63;5;0;
25/08/2013;21:20:57;75;74;63;5;0;
25/08/2013;21:21:28;75;74;63;3;0;
25/08/2013;21:21:53;75;74;63;5;0;
25/08/2013;21:22:50;75;74;63;5;0;
25/08/2013;21:27:44;75;74;63;5;0;
25/08/2013;21:28:43;75;74;63;5;0;
25/08/2013;21:38:27;75,0;74,0;63,0;5;0;
25/08/2013;21:40:12;75,0;74,0;63,0;5;0;
25/08/2013;21:41:53;75,0;74,0;63,0;5;0;
25/08/2013;21:42:11;75,0;74,0;63,0;5;0;
25/08/2013;21:43:11;75,0;74,0;63,0;5;0;
25/08/2013;21:44:44;75,0;74,0;63,0;5;0;
25/08/2013;21:45:44;75,0;74,0;63,0;5;0;
25/08/2013;21:46:44;75,0;74,0;63,0;5;0;
25/08/2013;21:47:44;75,0;74,0;63,0;5;0;
25/08/2013;21:48:43;76,0;74,0;63,0;5;0;
25/08/2013;21:48:53;76,0;74,0;63,0;5;0;
25/08/2013;21:49:04;76,0;74,0;63,0;5;0;
25/08/2013;21:49:49;76,0;74,0;63,0;5;0;
25/08/2013;21:51:52;75,0;74,0;63,0;5;0;
25/08/2013;21:53:16;75,5;74,3;63,0;5;0;
25/08/2013;21:54:16;75,5;74,3;63,0;5;0;
25/08/2013;21:55:16;75,5;74,3;63,0;5;0;
25/08/2013;21:56:16;75,6;74,3;63,0;5;0;
25/08/2013;21:57:15;75,6;74,3;63,0;5;0;
25/08/2013;21:58:16;75,6;74,3;63,0;5;0;
25/08/2013;21:59:16;75,6;74,3;63,0;5;0;
25/08/2013;22:00:16;75,6;74,3;63,0;5;0;
25/08/2013;22:01:16;75,6;74,3;63,0;5;0;
25/08/2013;22:02:16;75,7;74,3;63,0;5;0;
25/08/2013;22:03:16;75,7;74,3;63,0;5;0;
25/08/2013;22:04:16;75,7;74,3;63,0;5;0;
25/08/2013;22:05:16;75,7;74,3;63,0;5;0;
25/08/2013;22:06:16;75,7;74,3;63,0;5;0;
25/08/2013;22:07:16;75,7;74,3;63,0;5;0;
25/08/2013;22:08:16;75,7;74,3;63,0;5;0;
25/08/2013;22:09:16;75,7;74,3;63,0;5;0;
25/08/2013;23:55:07;76,2;74,3;63,0;5;0;
25/08/2013;23:55:16;76,2;74,3;63,0;5;-1;
25/08/2013;23:56:14;76,1;74,3;63,0;5;-1;
25/08/2013;23:57:14;76,1;74,3;63,0;5;-1;
25/08/2013;23:58:14;76,1;74,3;63,0;5;-1;
25/08/2013;23:59:14;76,0;74,3;63,0;5;-1;
26/08/2013;00:00:14;76,0;74,3;63,0;5;-1;
26/08/2013;00:01:14;76,1;74,3;63,0;5;-1;
26/08/2013;00:02:14;76,0;74,3;63,0;5;-1;
26/08/2013;00:04:14;76,0;74,3;63,0;5;-1;
26/08/2013;00:05:14;75,9;74,3;63,0;5;-1;
26/08/2013;00:06:14;75,9;74,3;63,0;5;-1;
26/08/2013;00:07:14;75,8;74,3;63,0;5;-1;
26/08/2013;00:08:14;75,8;74,3;63,0;5;-1;
26/08/2013;00:09:14;75,8;74,3;63,0;5;-1;
26/08/2013;00:10:14;75,8;74,3;63,0;5;-1;
26/08/2013;00:11:15;75,8;74,3;63,0;5;-1;
26/08/2013;00:12:14;75,8;74,3;63,0;5;-1;
26/08/2013;00:13:23;75,8;74,3;63,0;5;-1;
26/08/2013;00:13:51;75,8;74,3;63,0;5;0;
26/08/2013;00:14:10;75,8;74,3;63,0;2;0;
26/08/2013;00:14:21;75,8;75,2;63,0;3;0;
26/08/2013;00:14:43;75,8;75,4;63,0;3;0;
26/08/2013;00:15:35;75,8;75,4;63,0;3;0;
26/08/2013;00:16:35;75,8;75,4;63,0;3;0;
26/08/2013;00:17:35;75,7;75,4;63,0;3;0;
26/08/2013;00:18:34;75,6;75,4;63,0;3;0;
26/08/2013;00:19:34;75,5;75,4;63,0;3;0;
26/08/2013;00:20:35;75,5;75,4;63,0;3;0;
26/08/2013;00:21:35;75,5;75,4;63,0;3;0;
26/08/2013;00:22:35;75,4;75,4;63,0;3;0;
26/08/2013;00:23:35;75,3;75,4;63,0;3;0;
26/08/2013;00:24:35;75,2;75,4;63,0;3;0;
26/08/2013;00:25:35;75,3;75,4;63,0;3;0;
26/08/2013;00:26:35;75,2;75,4;63,0;3;0;
26/08/2013;00:27:35;75,1;75,4;63,0;3;0;
26/08/2013;00:28:35;75,1;75,4;63,0;3;0;
26/08/2013;00:29:35;74,9;75,4;63,0;2;0;
26/08/2013;00:30:35;75,1;75,4;63,0;2;0;
26/08/2013;00:31:35;75,1;75,4;63,0;2;0;
26/08/2013;00:32:38;75,1;75,4;63,0;2;0;
26/08/2013;00:33:35;75,1;75,4;63,0;2;0;
26/08/2013;00:34:35;75,1;75,4;63,0;2;0;
26/08/2013;00:35:35;75,1;75,4;63,0;2;0;
26/08/2013;00:36:35;75,1;75,4;63,0;2;0;
26/08/2013;00:37:35;75,1;75,4;63,0;2;0;
26/08/2013;00:38:35;75,1;75,4;63,0;2;0;
26/08/2013;00:39:35;75,1;75,4;63,0;2;0;
26/08/2013;00:40:35;75,1;75,4;63,0;2;0;
26/08/2013;00:41:35;75,1;75,4;63,0;2;0;
26/08/2013;00:42:35;75,1;75,4;63,0;2;0;
26/08/2013;00:43:35;75,2;75,4;63,0;2;0;
26/08/2013;00:44:35;75,2;75,4;63,0;2;0;
26/08/2013;00:45:35;75,2;75,4;63,0;2;0;
26/08/2013;00:46:35;75,2;75,4;63,0;2;0;
26/08/2013;00:47:35;75,2;75,4;63,0;2;0;
26/08/2013;00:48:35;75,2;75,4;63,0;2;0;
26/08/2013;00:49:35;75,2;75,4;63,0;2;0;
26/08/2013;00:50:35;75,2;75,4;63,0;2;0;
26/08/2013;00:51:35;75,2;75,4;63,0;2;0;
26/08/2013;00:52:35;75,3;75,4;63,0;2;0;
26/08/2013;00:53:35;75,3;75,4;63,0;2;0;
26/08/2013;00:54:35;75,3;75,4;63,0;2;0;
26/08/2013;00:55:35;75,3;75,4;63,0;2;0;
26/08/2013;00:56:35;75,3;75,4;63,0;2;0;
26/08/2013;00:57:35;75,3;75,4;63,0;2;0;
26/08/2013;00:58:35;75,3;75,4;63,0;2;0;
26/08/2013;00:59:35;75,3;75,4;63,0;2;0;
26/08/2013;01:00:35;75,3;75,4;63,0;2;0;
26/08/2013;01:01:35;75,3;75,4;63,0;2;0;
26/08/2013;01:02:35;75,4;75,4;63,0;2;0;
26/08/2013;01:03:35;75,4;75,4;63,0;2;0;
26/08/2013;01:04:35;75,4;75,4;63,0;2;0;
26/08/2013;01:05:35;75,4;75,4;63,0;2;0;
26/08/2013;01:06:35;75,4;75,4;63,0;2;0;
26/08/2013;01:07:36;75,4;75,4;63,0;2;0;
26/08/2013;01:08:35;75,4;75,4;63,0;2;0;
26/08/2013;01:09:35;75,4;75,4;63,0;2;0;
26/08/2013;01:10:35;75,4;75,4;63,0;2;0;
26/08/2013;01:11:35;75,4;75,4;63,0;2;0;
26/08/2013;01:12:35;75,5;75,4;63,0;2;0;
26/08/2013;01:13:35;75,4;75,4;63,0;2;0;
26/08/2013;01:14:35;75,5;75,4;63,0;2;0;
26/08/2013;01:15:36;75,5;75,4;63,0;2;0;
26/08/2013;01:16:36;75,5;75,4;63,0;2;0;
26/08/2013;01:17:36;75,5;75,4;63,0;2;0;
26/08/2013;01:18:35;75,5;75,4;63,0;2;0;
26/08/2013;01:19:35;75,5;75,4;63,0;2;0;
26/08/2013;01:20:35;75,5;75,4;63,0;2;0;
26/08/2013;01:21:35;75,5;75,4;63,0;2;0;
26/08/2013;01:22:36;75,5;75,4;63,0;2;0;
26/08/2013;01:23:36;75,5;75,4;63,0;2;0;
26/08/2013;01:24:36;75,5;75,4;63,0;2;0;
26/08/2013;01:25:35;75,5;75,4;63,0;2;0;
26/08/2013;01:26:35;75,5;75,4;63,0;2;0;
26/08/2013;01:27:35;75,5;75,4;63,0;2;0;
26/08/2013;01:28:36;75,5;75,4;63,0;2;0;
26/08/2013;01:29:36;75,6;75,4;63,0;2;0;
26/08/2013;01:30:36;75,5;75,4;63,0;2;0;
26/08/2013;01:31:36;75,5;75,4;63,0;2;0;
26/08/2013;01:32:36;75,6;75,4;63,0;2;0;
26/08/2013;01:33:36;75,6;75,4;63,0;2;0;
26/08/2013;01:34:35;75,6;75,4;63,0;2;0;
26/08/2013;01:35:36;75,6;75,4;63,0;2;0;
26/08/2013;01:36:36;75,6;75,4;63,0;2;0;
26/08/2013;01:37:36;75,6;75,4;63,0;2;0;
26/08/2013;01:38:36;75,6;75,4;63,0;2;0;
26/08/2013;01:39:36;75,6;75,4;63,0;2;0;
26/08/2013;01:40:36;75,6;75,4;63,0;2;0;
26/08/2013;01:41:36;75,6;75,4;63,0;2;0;
26/08/2013;01:42:36;75,6;75,4;63,0;2;0;
26/08/2013;01:43:36;75,6;75,4;63,0;2;0;
26/08/2013;01:44:36;75,6;75,4;63,0;2;0;
26/08/2013;01:45:36;75,6;75,4;63,0;2;0;
26/08/2013;01:46:36;75,6;75,4;63,0;2;0;
26/08/2013;01:47:36;75,6;75,4;63,0;2;0;
26/08/2013;01:48:36;75,6;75,4;63,0;2;0;
26/08/2013;01:49:36;75,6;75,4;63,0;2;0;
26/08/2013;01:50:36;75,6;75,4;63,0;2;0;
26/08/2013;01:51:36;75,6;75,4;63,0;2;0;
26/08/2013;01:52:36;75,6;75,4;63,0;2;0;
26/08/2013;01:53:36;75,6;75,4;63,0;2;0;
26/08/2013;01:54:36;75,6;75,4;63,0;2;0;
26/08/2013;01:55:36;75,6;75,4;63,0;2;0;
26/08/2013;01:56:36;75,6;75,4;63,0;2;0;
26/08/2013;01:57:36;75,6;75,4;63,0;2;0;
26/08/2013;01:58:36;75,6;75,4;63,0;2;0;
26/08/2013;01:59:36;75,6;75,4;63,0;2;0;
26/08/2013;02:00:36;75,6;75,4;63,0;2;0;
26/08/2013;02:01:36;75,6;75,4;63,0;2;0;
26/08/2013;02:02:36;75,6;75,4;63,0;2;0;
26/08/2013;02:03:36;75,6;75,4;63,0;2;0;
26/08/2013;02:04:36;75,6;75,4;63,0;2;0;
26/08/2013;02:05:36;75,6;75,4;63,0;2;0;
26/08/2013;02:06:36;75,6;75,4;63,0;2;0;
26/08/2013;02:07:36;75,6;75,4;63,0;2;0;
26/08/2013;02:08:36;75,6;75,4;63,0;2;0;
26/08/2013;02:09:36;75,6;75,4;63,0;2;0;
26/08/2013;02:10:36;75,6;75,4;63,0;2;0;
26/08/2013;02:11:36;75,6;75,4;63,0;2;0;
26/08/2013;02:12:36;75,6;75,4;63,0;2;0;
26/08/2013;02:13:36;75,6;75,4;63,0;2;0;
26/08/2013;02:14:36;75,6;75,4;63,0;2;0;
26/08/2013;02:15:36;75,6;75,4;63,0;2;0;
26/08/2013;02:16:36;75,6;75,4;63,0;2;0;
26/08/2013;02:17:36;75,6;75,4;63,0;2;0;
26/08/2013;02:18:36;75,6;75,4;63,0;2;0;
26/08/2013;02:19:36;75,6;75,4;63,0;2;0;
26/08/2013;02:20:36;75,6;75,4;63,0;2;0;
26/08/2013;02:21:36;75,6;75,4;63,0;2;0;
26/08/2013;02:22:36;75,6;75,4;63,0;2;0;
26/08/2013;02:23:36;75,6;75,4;63,0;2;0;
26/08/2013;02:24:36;75,6;75,4;63,0;2;0;
26/08/2013;02:25:36;75,6;75,4;63,0;2;0;
26/08/2013;02:26:36;75,7;75,4;63,0;2;0;
26/08/2013;02:27:36;75,6;75,4;63,0;2;0;
26/08/2013;02:28:36;75,6;75,4;63,0;2;0;
26/08/2013;02:29:36;75,7;75,4;63,0;2;0;
26/08/2013;02:30:37;75,6;75,4;63,0;2;0;
26/08/2013;02:31:37;75,6;75,4;63,0;2;0;
26/08/2013;02:32:36;75,6;75,4;63,0;2;0;
26/08/2013;02:33:36;75,6;75,4;63,0;2;0;
26/08/2013;02:34:36;75,6;75,4;63,0;2;0;
26/08/2013;02:35:40;75,7;75,4;63,0;2;0;
26/08/2013;02:36:36;75,6;75,4;63,0;2;0;
26/08/2013;02:37:37;75,6;75,4;63,0;2;0;
26/08/2013;02:38:37;75,6;75,4;63,0;2;0;
26/08/2013;02:39:37;75,6;75,4;63,0;2;0;
26/08/2013;02:40:37;75,6;75,4;63,0;2;0;
26/08/2013;02:41:36;75,6;75,4;63,0;2;0;
26/08/2013;02:42:36;75,6;75,4;63,0;2;0;
26/08/2013;02:43:36;75,6;75,4;63,0;2;0;
26/08/2013;02:44:37;75,6;75,4;63,0;2;0;
26/08/2013;02:45:37;75,6;75,4;63,0;2;0;
26/08/2013;02:46:37;75,6;75,4;63,0;2;0;
26/08/2013;02:47:37;75,6;75,4;63,0;2;0;
26/08/2013;02:48:37;75,6;75,4;63,0;2;0;
26/08/2013;02:49:36;75,6;75,4;63,0;2;0;
26/08/2013;02:50:37;75,6;75,4;63,0;2;0;
26/08/2013;02:51:37;75,6;75,4;63,0;2;0;
26/08/2013;02:52:37;75,6;75,4;63,0;2;0;
26/08/2013;02:53:37;75,6;75,4;63,0;2;0;
26/08/2013;02:54:37;75,6;75,4;63,0;2;0;
26/08/2013;02:55:37;75,6;75,4;63,0;2;0;
26/08/2013;02:56:37;75,6;75,4;63,0;2;0;
26/08/2013;02:57:37;75,6;75,4;63,0;2;0;
26/08/2013;02:58:37;75,6;75,4;63,0;2;0;
26/08/2013;02:59:37;75,6;75,4;63,0;2;0;
26/08/2013;03:00:37;75,6;75,4;63,0;2;0;
26/08/2013;03:01:37;75,6;75,4;63,0;2;0;
26/08/2013;03:02:37;75,6;75,4;63,0;2;0;
26/08/2013;03:03:37;75,6;75,4;63,0;2;0;
26/08/2013;03:04:37;75,6;75,4;63,0;2;0;
26/08/2013;03:05:37;75,6;75,4;63,0;2;0;
26/08/2013;03:06:37;75,6;75,4;63,0;2;0;
26/08/2013;03:07:37;75,6;75,4;63,0;2;0;
26/08/2013;06:33:00;75,4;75,4;63,0;2;0;
26/08/2013;06:33:05;75,4;75,4;63,0;2;0;
26/08/2013;06:34:03;75,4;75,4;63,0;2;0;
26/08/2013;06:35:03;75,4;75,4;63,0;2;0;
26/08/2013;06:36:03;75,4;75,4;63,0;2;0;
26/08/2013;06:37:03;75,4;75,4;63,0;2;0;
26/08/2013;06:38:03;75,4;75,4;63,0;2;0;
26/08/2013;06:39:03;75,4;75,4;63,0;2;0;
26/08/2013;06:40:03;75,4;75,4;63,0;2;0;
26/08/2013;06:41:03;75,4;75,4;63,0;2;0;
26/08/2013;06:42:03;75,4;75,4;63,0;2;0;
26/08/2013;06:43:03;75,4;75,4;63,0;2;0;
26/08/2013;06:44:03;75,4;75,4;63,0;2;0;
26/08/2013;06:45:03;75,4;75,4;63,0;2;0;
26/08/2013;06:46:03;75,4;75,4;63,0;2;0;
26/08/2013;06:47:03;75,4;75,4;63,0;2;0;
26/08/2013;06:48:06;75,4;75,4;63,0;2;0;
26/08/2013;06:49:03;75,4;75,4;63,0;2;0;
26/08/2013;06:50:03;75,4;75,4;63,0;2;0;
26/08/2013;06:51:03;75,4;75,4;63,0;2;0;
26/08/2013;06:52:03;75,4;75,4;63,0;2;0;
26/08/2013;06:53:03;75,4;75,4;63,0;2;0;
26/08/2013;06:54:03;75,4;75,4;63,0;2;0;
26/08/2013;06:55:03;75,4;75,4;63,0;2;0;
26/08/2013;06:56:03;75,4;75,4;63,0;2;0;
26/08/2013;06:57:06;75,4;75,4;63,0;2;0;
26/08/2013;06:58:03;75,4;75,4;63,0;2;0;
26/08/2013;06:59:03;75,4;75,4;63,0;2;0;
26/08/2013;07:00:03;75,4;75,4;63,0;2;0;
26/08/2013;07:01:03;75,5;75,4;63,0;2;0;
26/08/2013;07:02:03;75,4;75,4;63,0;2;0;
26/08/2013;07:03:03;75,4;75,4;63,0;2;0;
26/08/2013;07:04:03;75,4;75,4;63,0;2;0;
26/08/2013;07:05:03;75,4;75,4;63,0;2;0;
26/08/2013;07:06:04;75,4;75,4;63,0;2;0;
26/08/2013;07:07:03;75,4;75,4;63,0;2;0;
26/08/2013;07:08:03;75,4;75,4;63,0;2;0;
26/08/2013;07:09:03;75,4;75,4;63,0;2;0;
26/08/2013;07:10:03;75,4;75,4;63,0;2;0;
26/08/2013;07:11:03;75,4;75,4;63,0;2;0;
26/08/2013;07:12:03;75,4;75,4;63,0;2;0;
26/08/2013;07:13:04;75,4;75,4;63,0;2;0;
26/08/2013;07:14:04;75,4;75,4;63,0;2;0;
26/08/2013;07:15:03;75,4;75,4;63,0;2;0;
26/08/2013;07:16:03;75,4;75,4;63,0;2;0;
26/08/2013;07:17:03;75,4;75,4;63,0;2;0;
26/08/2013;07:18:03;75,4;75,4;63,0;2;0;
26/08/2013;07:19:04;75,4;75,4;63,0;2;0;
27/08/2013;06:21:43;74,1;73,9;63,0;2;0;
27/08/2013;06:21:48;74,2;73,9;63,0;2;0;
27/08/2013;06:22:45;74,2;73,9;63,0;2;0;
27/08/2013;06:23:45;74,2;73,9;63,0;2;0;
27/08/2013;06:24:45;74,2;73,9;63,0;2;0;
27/08/2013;06:25:45;74,2;73,9;63,0;2;0;
27/08/2013;06:26:45;74,2;73,9;63,0;2;0;
27/08/2013;06:27:45;74,2;73,9;63,0;2;0;
27/08/2013;06:28:45;74,2;73,9;63,0;2;0;
27/08/2013;06:29:45;74,3;73,9;63,0;2;0;
27/08/2013;06:30:45;74,3;73,9;63,0;2;0;
27/08/2013;06:31:45;74,3;73,9;63,0;2;0;
27/08/2013;06:32:45;74,3;73,9;63,0;2;0;
27/08/2013;06:33:45;74,3;73,9;63,0;3;0;
27/08/2013;06:34:45;74,3;73,9;63,0;3;0;
27/08/2013;06:35:45;74,3;73,9;63,0;3;0;
27/08/2013;06:36:45;74,2;73,9;63,0;3;0;
27/08/2013;06:37:45;74,1;73,9;63,0;3;0;
27/08/2013;06:38:45;74,0;73,9;63,0;3;0;
27/08/2013;06:39:45;74,0;73,9;63,0;3;0;
27/08/2013;06:40:45;73,9;73,9;63,0;3;0;
27/08/2013;06:41:45;73,8;73,9;63,0;3;0;
27/08/2013;06:42:45;73,7;73,9;63,0;3;0;
27/08/2013;06:43:45;73,7;73,9;63,0;3;0;
27/08/2013;06:44:45;73,6;73,9;63,0;3;0;
27/08/2013;06:45:46;73,5;73,9;63,0;2;0;
27/08/2013;06:46:46;73,6;73,9;63,0;2;0;
27/08/2013;06:47:45;73,7;73,9;63,0;2;0;
27/08/2013;06:48:45;73,7;73,9;63,0;2;0;
27/08/2013;06:49:45;73,7;73,9;63,0;2;0;
27/08/2013;06:50:45;73,7;73,9;63,0;2;0;
27/08/2013;06:51:46;73,7;73,9;63,0;2;0;
27/08/2013;06:52:46;73,7;73,9;63,0;2;0;
27/08/2013;06:53:46;73,7;73,9;63,0;2;0;
27/08/2013;06:54:46;73,7;73,9;63,0;2;0;
27/08/2013;06:55:45;73,7;73,9;63,0;2;0;
27/08/2013;06:56:45;73,7;73,9;63,0;2;0;
27/08/2013;06:57:46;73,7;73,9;63,0;2;0;
27/08/2013;06:58:46;73,7;73,9;63,0;2;0;
27/08/2013;06:59:46;73,7;73,9;63,0;2;0;
27/08/2013;07:00:46;73,7;73,9;63,0;2;0;
27/08/2013;07:01:46;73,7;73,9;63,0;2;0;
27/08/2013;07:02:46;73,8;73,9;63,0;2;0;
27/08/2013;07:03:46;73,8;73,9;63,0;2;0;
27/08/2013;07:04:46;73,8;73,9;63,0;2;0;
27/08/2013;07:05:46;73,8;73,9;63,0;2;0;
27/08/2013;07:06:46;73,8;73,9;63,0;2;0;
27/08/2013;07:07:46;73,8;73,9;63,0;2;0;
27/08/2013;07:08:46;73,8;73,9;63,0;2;0;
27/08/2013;07:09:46;73,8;73,9;63,0;2;0;
27/08/2013;07:10:46;73,8;73,9;63,0;2;0;
27/08/2013;20:25:12;73,8;73,9;63,0;3;0;
27/08/2013;20:25:18;73,8;73,9;63,0;3;0;
27/08/2013;20:26:15;73,6;73,9;63,0;3;0;
27/08/2013;20:27:15;73,7;73,9;63,0;3;0;
27/08/2013;20:28:15;73,5;73,9;63,0;2;0;
27/08/2013;20:29:15;73,7;73,9;63,0;2;0;
27/08/2013;20:30:15;73,8;73,9;63,0;2;0;
27/08/2013;20:31:18;73,8;73,9;63,0;2;0;
27/08/2013;20:32:15;73,8;73,9;63,0;2;0;
27/08/2013;20:33:15;73,9;73,9;63,0;2;0;
27/08/2013;20:34:15;73,9;73,9;63,0;2;0;
27/08/2013;20:35:15;74,0;73,9;63,0;2;0;
27/08/2013;20:36:15;74,0;73,9;63,0;2;0;
27/08/2013;20:37:15;74,0;73,9;63,0;2;0;
27/08/2013;20:38:15;74,0;73,9;63,0;2;0;
27/08/2013;20:39:15;74,1;73,9;63,0;2;0;
27/08/2013;20:40:15;74,1;73,9;63,0;2;0;
27/08/2013;20:41:15;74,1;73,9;63,0;2;0;
27/08/2013;20:42:15;74,2;73,9;63,0;2;0;
27/08/2013;20:43:15;74,2;73,9;63,0;2;0;
27/08/2013;20:44:15;74,2;73,9;63,0;2;0;
27/08/2013;20:45:18;74,2;73,9;63,0;2;0;
27/08/2013;20:46:15;74,3;73,9;63,0;2;0;
27/08/2013;20:47:15;74,3;73,9;63,0;3;0;
27/08/2013;20:48:15;74,3;73,9;63,0;3;0;
27/08/2013;20:49:15;74,2;73,9;63,0;3;0;
27/08/2013;20:50:15;74,1;73,9;63,0;3;0;
27/08/2013;20:51:15;74,1;73,9;63,0;3;0;
27/08/2013;20:52:15;74,1;73,9;63,0;3;0;
27/08/2013;20:53:15;74,0;73,9;63,0;3;0;
27/08/2013;20:54:15;74,0;73,9;63,0;3;0;
27/08/2013;20:55:15;73,8;73,9;63,0;3;0;
27/08/2013;20:56:15;73,8;73,9;63,0;3;0;
27/08/2013;20:57:15;73,8;73,9;63,0;3;0;
27/08/2013;20:58:15;73,8;73,9;63,0;3;0;
27/08/2013;20:59:15;73,7;73,9;63,0;3;0;
28/08/2013;20:55:50;73,4;73,9;63,0;2;0;
28/08/2013;20:55:55;73,4;73,9;63,0;2;0;
28/08/2013;20:56:52;73,4;73,9;63,0;2;0;
28/08/2013;20:57:52;73,4;73,9;63,0;2;0;
28/08/2013;20:58:53;73,4;73,9;63,0;2;0;
28/08/2013;20:59:53;73,4;73,9;63,0;2;0;
28/08/2013;21:00:53;73,4;73,9;63,0;2;0;
28/08/2013;21:01:53;73,4;73,9;63,0;2;0;
28/08/2013;21:02:53;73,4;73,9;63,0;2;0;
28/08/2013;21:03:53;73,4;73,9;63,0;2;0;
28/08/2013;21:04:52;73,4;73,9;63,0;2;0;
28/08/2013;21:05:53;73,4;73,9;63,0;2;0;
28/08/2013;21:06:53;73,4;73,9;63,0;2;0;
28/08/2013;21:07:53;73,4;73,9;63,0;2;0;
28/08/2013;21:08:53;73,4;73,9;63,0;2;0;
28/08/2013;21:09:53;73,9;73,9;63,0;2;0;
28/08/2013;21:10:53;73,5;73,9;63,0;2;0;
28/08/2013;21:11:53;73,5;73,9;63,0;2;0;
28/08/2013;21:12:53;73,5;73,9;63,0;2;0;
28/08/2013;21:13:53;73,5;73,9;63,0;2;0;
28/08/2013;21:14:53;73,5;73,9;63,0;2;0;
28/08/2013;21:15:53;73,5;73,9;63,0;2;0;
28/08/2013;21:16:53;73,6;73,9;63,0;2;0;
28/08/2013;21:17:53;73,6;73,9;63,0;2;0;
28/08/2013;21:18:53;73,6;73,9;63,0;2;0;
28/08/2013;21:19:53;73,6;73,9;63,0;2;0;
28/08/2013;21:25:41;73,7;73,9;63,0;2;0;
28/08/2013;21:26:41;73,7;73,9;63,0;2;0;
28/08/2013;21:27:41;73,7;73,9;63,0;2;0;
28/08/2013;21:28:41;73,7;73,9;63,0;2;0;
28/08/2013;21:29:41;73,8;73,9;63,0;2;0;
28/08/2013;21:30:41;73,7;73,9;63,0;2;0;
28/08/2013;21:31:41;73,8;73,9;63,0;2;0;
28/08/2013;21:32:41;73,8;73,9;63,0;2;0;
28/08/2013;21:33:41;73,8;73,9;63,0;2;0;
28/08/2013;21:34:41;73,8;73,9;63,0;2;0;
28/08/2013;21:35:41;73,8;73,9;63,0;2;0;
28/08/2013;21:36:41;73,8;73,9;63,0;2;0;
28/08/2013;21:37:41;73,8;73,9;63,0;2;0;
28/08/2013;21:38:41;73,8;73,9;63,0;2;0;
28/08/2013;21:39:41;73,8;73,9;63,0;2;0;
28/08/2013;21:40:41;73,9;73,9;63,0;2;0;
28/08/2013;21:41:41;73,9;73,9;63,0;2;0;
28/08/2013;21:42:41;73,9;73,9;63,0;2;0;
28/08/2013;21:43:41;73,9;73,9;63,0;2;0;
28/08/2013;21:44:41;73,9;73,9;63,0;2;0;
28/08/2013;21:45:41;73,9;73,9;63,0;2;0;
28/08/2013;21:46:41;73,9;73,9;63,0;2;0;
28/08/2013;21:47:41;74,0;73,9;63,0;2;0;
28/08/2013;21:48:41;74,0;73,9;63,0;2;0;
28/08/2013;21:49:41;74,0;73,9;63,0;2;0;
28/08/2013;21:50:41;74,0;73,9;63,0;2;0;
28/08/2013;21:51:41;74,0;73,9;63,0;2;0;
28/08/2013;21:52:41;74,0;73,9;63,0;2;0;
28/08/2013;21:53:41;74,2;73,9;63,0;2;0;
28/08/2013;21:54:41;74,3;73,9;63,0;3;0;
28/08/2013;21:55:41;74,1;73,9;63,0;3;0;
28/08/2013;21:56:41;74,1;73,9;63,0;3;0;
28/08/2013;21:57:41;74,1;73,9;63,0;3;0;
28/08/2013;21:58:41;74,0;73,9;63,0;3;0;
28/08/2013;21:59:41;74,0;73,9;63,0;3;0;
28/08/2013;22:00:41;74,0;73,9;63,0;3;0;
28/08/2013;22:01:41;74,0;73,9;63,0;3;0;
28/08/2013;22:02:41;73,9;73,9;63,0;3;0;
28/08/2013;22:03:42;73,9;73,9;63,0;3;0;
28/08/2013;22:04:41;73,8;73,9;63,0;3;0;
28/08/2013;22:05:42;73,8;73,9;63,0;3;0;
28/08/2013;22:06:41;73,8;73,9;63,0;3;0;
28/08/2013;22:07:41;73,7;73,9;63,0;3;0;
28/08/2013;22:08:41;73,7;73,9;63,0;3;0;
28/08/2013;22:09:41;73,6;73,9;63,0;2;0;
28/08/2013;22:10:41;73,5;73,9;63,0;2;0;
28/08/2013;22:11:41;73,5;73,9;63,0;2;0;
28/08/2013;22:12:41;73,5;73,9;63,0;2;0;
28/08/2013;22:13:41;73,5;73,9;63,0;2;0;
28/08/2013;22:14:41;73,4;73,9;63,0;2;0;
28/08/2013;22:15:42;73,4;73,9;63,0;2;0;
28/08/2013;22:16:42;73,4;73,9;63,0;2;0;
28/08/2013;22:17:42;73,4;73,9;63,0;2;0;
28/08/2013;22:18:41;73,4;73,9;63,0;2;0;
28/08/2013;22:19:41;73,4;73,9;63,0;2;0;
28/08/2013;22:20:41;73,4;73,9;63,0;2;0;
28/08/2013;22:21:42;73,4;73,9;63,0;2;0;
28/08/2013;22:22:42;73,4;73,9;63,0;2;0;
28/08/2013;22:23:42;73,4;73,9;63,0;2;0;
28/08/2013;22:24:42;73,4;73,9;63,0;2;0;
28/08/2013;22:25:42;73,4;73,9;63,0;2;0;
28/08/2013;22:26:41;73,4;73,9;63,0;2;0;
28/08/2013;22:27:41;73,4;73,9;63,0;2;0;
28/08/2013;22:28:42;73,4;73,9;63,0;2;0;
28/08/2013;22:29:42;73,4;73,9;63,0;2;0;
28/08/2013;22:30:42;73,5;73,9;63,0;2;0;
28/08/2013;22:31:42;73,5;73,9;63,0;2;0;
28/08/2013;22:32:42;73,5;73,9;63,0;2;0;
28/08/2013;22:33:42;73,5;73,9;63,0;2;0;
28/08/2013;22:34:41;73,5;73,9;63,0;2;0;
28/08/2013;22:35:42;73,5;73,9;63,0;2;0;
28/08/2013;22:36:42;73,5;73,9;63,0;2;0;
28/08/2013;22:37:42;73,5;73,9;63,0;2;0;
28/08/2013;22:38:42;73,5;73,9;63,0;2;0;
28/08/2013;22:39:42;73,5;73,9;63,0;2;0;
28/08/2013;22:40:42;73,5;73,9;63,0;2;0;
28/08/2013;22:41:42;73,6;73,9;63,0;2;0;
28/08/2013;22:42:42;73,6;73,9;63,0;2;0;
28/08/2013;22:43:42;73,6;73,9;63,0;2;0;
28/08/2013;22:44:42;73,6;73,9;63,0;2;0;
28/08/2013;22:45:42;73,6;73,9;63,0;2;0;
28/08/2013;22:46:42;73,6;73,9;63,0;2;0;
28/08/2013;22:47:42;73,6;73,9;63,0;2;0;
28/08/2013;22:48:42;73,6;73,9;63,0;2;0;
28/08/2013;22:49:45;73,7;73,9;63,0;2;0;
28/08/2013;22:50:45;73,7;73,9;63,0;2;0;
28/08/2013;22:51:42;73,7;73,9;63,0;2;0;
28/08/2013;22:52:42;73,7;73,9;63,0;2;0;
28/08/2013;22:53:42;73,7;73,9;63,0;2;0;
28/08/2013;22:54:42;73,7;73,9;63,0;2;0;
28/08/2013;22:55:42;73,7;73,9;63,0;2;0;
28/08/2013;22:56:42;73,7;73,9;63,0;2;0;
28/08/2013;22:57:42;73,7;73,9;63,0;2;0;
28/08/2013;22:58:42;73,7;73,9;63,0;2;0;
28/08/2013;22:59:42;73,7;73,9;63,0;2;0;
28/08/2013;23:00:42;73,7;73,9;63,0;2;0;
28/08/2013;23:01:42;73,7;73,9;63,0;2;0;
28/08/2013;23:02:42;73,7;73,9;63,0;2;0;
28/08/2013;23:03:42;73,7;73,9;63,0;2;0;
28/08/2013;23:04:42;73,7;73,9;63,0;2;0;
28/08/2013;23:05:42;73,7;73,9;63,0;2;0;
28/08/2013;23:06:45;73,7;73,9;63,0;2;0;
28/08/2013;23:07:42;73,7;73,9;63,0;2;0;
28/08/2013;23:08:42;73,7;73,9;63,0;2;0;
28/08/2013;23:09:42;73,8;73,9;63,0;2;0;
28/08/2013;23:10:42;73,8;73,9;63,0;2;0;
28/08/2013;23:11:42;73,8;73,9;63,0;2;0;
28/08/2013;23:12:42;73,8;73,9;63,0;2;0;
28/08/2013;23:13:42;73,8;73,9;63,0;2;0;
28/08/2013;23:14:42;73,8;73,9;63,0;2;0;
28/08/2013;23:15:42;73,8;73,9;63,0;2;0;
28/08/2013;23:16:42;73,8;73,9;63,0;2;0;
28/08/2013;23:17:42;73,8;73,9;63,0;2;0;
28/08/2013;23:18:42;73,8;73,9;63,0;2;0;
28/08/2013;23:19:42;73,8;73,9;63,0;2;0;
28/08/2013;23:20:42;73,8;73,9;63,0;2;0;
28/08/2013;23:21:42;73,8;73,9;63,0;2;0;
28/08/2013;23:22:42;73,8;73,9;63,0;2;0;
28/08/2013;23:23:42;73,8;73,9;63,0;2;0;
28/08/2013;23:24:43;73,8;73,9;63,0;2;0;
28/08/2013;23:25:43;73,8;73,9;63,0;2;0;
28/08/2013;23:26:42;73,9;73,9;63,0;2;0;
28/08/2013;23:27:42;73,8;73,9;63,0;2;0;
28/08/2013;23:28:42;73,9;73,9;63,0;2;0;